{"test/loss_viewpoint - psnr":24.523783,"train_loss_patches/ATE":0.036734615,"train/loss_viewpoint - l1_loss":0.028734908,"train_loss_patches/Focal_GT_Y":1.0232756,"train_loss_patches/total_loss":0.027685456,"train_view_0000/render":{"format":"png","height":727,"path":"media/images/ypgi8wzqkeekusd3h7jqwrm2hyzb5ulq.png","sha256":"7ATsaHBT7fN8khWNnVUjE6ng64lHqTj+qr+EHtYCeys=","size":624720,"width":1280,"_type":"image-file"},"train_loss_patches/cam_lr":5e-05,"_timestamp":1.7294057059230902e+09,"scene/opacity_histogram":{"_type":"histogram","bins":[0.0008726096153025355,0.0009598705768327891,0.001055857634516068,0.001161443397967675,0.0012775877377644426,0.001405346511540887,0.0015458811626949758,0.0017004692789644735,0.001870516206860921,0.0020575678275470133,0.0022633246103017147,0.0024896570713318863,0.002738622778465075,0.0030124850563115826,0.003313733561942741,0.0036451069181370156,0.004009617609950718,0.00441057937094579,0.00485163730804037,0.005336801038844407,0.005870481142728848,0.006457529257001733,0.007103282182701907,0.007813610400972098,0.008594971441069308,0.00945446858517624,0.010399915443693864,0.01143990698806325,0.012583897686869577,0.013842287455556535,0.01522651620111219,0.01674916782122341,0.018424084603345752,0.02026649306368033,0.022293142370048362,0.0245224566070532,0.026974702267758523,0.02967217249453438,0.03263938974398782,0.035903328718386605,0.03949366159022527,0.043443027749247805,0.04778733052417259,0.052566063576589855,0.057822669934248845,0.06360493692767373,0.06996543062044111,0.07696197368248522,0.08465817105073375,0.09312398815580714,0.10243638697138786,0.11268002566852665,0.12394802823537933,0.13634283105891729,0.14997711416480902,0.16497482558128992,0.18147230813941892,0.19961953895336082,0.2195814928486969,0.24153964213356663,0.2656936063469233,0.29226296698161564,0.3214892636797772,0.35363819004775493,0.38900200905253046,0.42790220995778355,0.47069243095356195,0.5177616740489182,0.56953784145381,0.6264916255991911,0.6891407881591103,0.7580548669750213,0.8338603536725235,0.917246389039776,1.0089710279437536],"values":[1,14,27,48,160,305,470,762,1274,1844,2706,3780,5095,7038,10410,17996,7052,6355,6554,6421,6750,6724,6907,7071,7377,7491,7645,7905,7952,8021,8144,8321,8399,8318,8402,8428,8449,8485,8663,8451,8589,9022,9026,9348,9721,10141,10760,11392,11893,17136,14182,16297,19051,21050,20981,19528,18516,17237,15854,14295,12316,11427,11003,10236,9310,8052,7125,6900,7002,7260,7775,9118,12273,15329]},"train_loss_patches/max_cam_i":19,"train_loss_patches/Focal_Est_X":1.5688797,"_step":6015,"test_view_0036/render":{"size":619180,"width":1280,"_type":"image-file","format":"png","height":727,"path":"media/images/qa6bawv02sjum2j8yq1gsr5mci1bfxdv.png","sha256":"EEHkAX0a462XPJVj7qrlXhfa8Wj6J++Kb4XkN0suNAE="},"test/loss_viewpoint - l1_loss":0.029730877,"test_view_0396/render":{"width":1280,"_type":"image-file","format":"png","height":727,"path":"media/images/werbnt9npk6rn3ds8itb026dvm5qvr3c.png","sha256":"MHvyV62tWKbI4+9BlWwSLRh2bNjj/i+6+/gJ7ZAooVs=","size":633614},"global_step":600,"train_loss_patches/Focal_Est_Y":1.0242598,"train_view_0180/render":{"path":"media/images/moq2ix6r20utb84cfweadremxzj7lbdb.png","sha256":"36kLsszFh0nYGrlc56glADLaSVGTcT3NMiLDygoaErE=","size":539617,"width":1280,"_type":"image-file","format":"png","height":727},"poses":{"size":68372,"width":640,"_type":"image-file","format":"png","height":480,"path":"media/images/socde020x03qpsvbhthbu6c0yz0m23go.png","sha256":"LfZWVtCupHh8xcoR19vx5KzX5udLAR7TA4q7OydGnA0="},"train/loss_viewpoint - psnr":24.921423,"_wandb":{"runtime":133},"train_loss_patches/Focal_GT_X":1.5578277,"train_loss_patches/l1_loss":0.014364681,"_runtime":133.708895232,"iter_time":275.498,"render_vs_gt":{"height":727,"path":"media/images/m2nwq4e984n9uk1iq9c6ezcjf4mdr3w4.png","sha256":"Z6/MCxEJ1h+ervMxbWtmk3Fe8zbMg3gsq5lif1j0TJY=","size":1514817,"width":2560,"_type":"image-file","format":"png"},"train_view_0360/render":{"path":"media/images/ln384unzwfqqggfgq6cjg46qxh92ixqf.png","sha256":"HguHE3s3mpvv7fOPGEvkHZV4AusrxT2EPYz7sClNHy0=","size":694498,"width":1280,"_type":"image-file","format":"png","height":727},"total_points":655360,"train_view_0540/render":{"_type":"image-file","format":"png","height":727,"path":"media/images/hhil8vnldpvo7v7b4a7y6af0hlzkptdo.png","sha256":"moJQU/rS390T9YB75AbfsxPV3TC1ibNRARiI2c6WkWA=","size":546239,"width":1280}}